[
  {
    "title": "不天黑的乌鲁木齐",
    "url": "https://weekly.tw93.fun/posts/30-不天黑的乌鲁木齐",
    "date": "2021/06/07",
    "pic": "https://gw.alipayobjects.com/zos/k/c1/IMG_4854.jpeg"
  },
  {
    "title": "西湖音乐节",
    "url": "https://weekly.tw93.fun/posts/105-西湖音乐节",
    "date": "2023/07/28",
    "pic": "https://gw.alipayobjects.com/zos/k/7i/IMG_1730.jpg"
  },
  {
    "title": "飞檐走壁的人",
    "url": "https://weekly.tw93.fun/posts/25-飞檐走壁的人",
    "date": "2021/05/03",
    "pic": "https://gw.alipayobjects.com/zos/k/29/ZoRs7B.jpg"
  },
  {
    "title": "一群笔直的树",
    "url": "https://weekly.tw93.fun/posts/41-一群笔直的树",
    "date": "2021/08/23",
    "pic": "https://gw.alipayobjects.com/zos/k/66/qsyH2T.jpg"
  },
  {
    "title": "无争的灵隐寺",
    "url": "https://weekly.tw93.fun/posts/42-无争的灵隐寺",
    "date": "2021/08/30",
    "pic": "https://gw.alipayobjects.com/zos/k/10/MRNoEz.jpg"
  },
  {
    "title": "2022蜡梅",
    "url": "https://weekly.tw93.fun/posts/62-2022蜡梅",
    "date": "2022/01/17",
    "pic": "https://gw.alipayobjects.com/zos/k/px/Ty4WR3.jpg"
  },
  {
    "title": "太湖湾音乐节",
    "url": "https://weekly.tw93.fun/posts/87-太湖湾音乐节",
    "date": "2022/07/11",
    "pic": "https://gw.alipayobjects.com/zos/k/ha/87.jpg"
  },
  {
    "title": "东海音乐节",
    "url": "https://weekly.tw93.fun/posts/04-东海音乐节",
    "date": "2020/12/07",
    "pic": "https://gw.alipayobjects.com/zos/k/t9/xOtN9c.jpg"
  },
  {
    "title": "万石植物园",
    "url": "https://weekly.tw93.fun/posts/03-万石植物园",
    "date": "2020/11/30",
    "pic": "https://gw.alipayobjects.com/zos/k/vt/QzwRSt.png"
  },
  {
    "title": "白云滑雪场",
    "url": "https://weekly.tw93.fun/posts/06-白云滑雪场",
    "date": "2020/12/21",
    "pic": "https://gw.alipayobjects.com/zos/k/o3/ZebwPr.jpg"
  },
  {
    "title": "重庆洪崖洞",
    "url": "https://weekly.tw93.fun/posts/07-重庆洪崖洞",
    "date": "2020/12/28",
    "pic": "https://gw.alipayobjects.com/zos/k/26/INUqPy.jpg"
  },
  {
    "title": "新疆的雪山",
    "url": "https://weekly.tw93.fun/posts/10-新疆的雪山",
    "date": "2021/01/18",
    "pic": "https://gw.alipayobjects.com/zos/k/fk/frrlJj.png"
  },
  {
    "title": "茶山的树",
    "url": "https://weekly.tw93.fun/posts/103-茶山的树",
    "date": "2023/07/28",
    "pic": "https://gw.alipayobjects.com/zos/k/app/IMG_1385.jpg"
  },
  {
    "title": "可爱松鼠",
    "url": "https://weekly.tw93.fun/posts/104-可爱松鼠",
    "date": "2023/07/28",
    "pic": "https://gw.alipayobjects.com/zos/k/zn/yPL9km.jpg"
  },
  {
    "title": "海南度假",
    "url": "https://weekly.tw93.fun/posts/106-海南度假",
    "date": "2023/07/28",
    "pic": "https://gw.alipayobjects.com/zos/k/cz/IMG_2262.JPG"
  },
  {
    "title": "沙巴理发",
    "url": "https://weekly.tw93.fun/posts/108-沙巴理发",
    "date": "2023/07/28",
    "pic": "https://gw.alipayobjects.com/zos/k/j8/ORG_DSC01420.jpg"
  },
  {
    "title": "大阪夜景",
    "url": "https://weekly.tw93.fun/posts/110-大阪夜景",
    "date": "2023/07/28",
    "pic": "https://gw.alipayobjects.com/zos/k/pr/110.JPG"
  },
  {
    "title": "新年追日",
    "url": "https://weekly.tw93.fun/posts/111-新年追日",
    "date": "2023/07/28",
    "pic": "https://gw.alipayobjects.com/zos/k/b4/111.jpg"
  },
  {
    "title": "咖啡店猫",
    "url": "https://weekly.tw93.fun/posts/112-咖啡店猫",
    "date": "2023/07/28",
    "pic": "https://gw.alipayobjects.com/zos/k/gx/112.jpg"
  },
  {
    "title": "猫的克隆",
    "url": "https://weekly.tw93.fun/posts/113-猫的克隆",
    "date": "2023/07/28",
    "pic": "https://gw.alipayobjects.com/zos/k/1o/113.jpg"
  },
  {
    "title": "冬季新疆",
    "url": "https://weekly.tw93.fun/posts/114-冬季新疆",
    "date": "2023/07/28",
    "pic": "https://gw.alipayobjects.com/zos/k/14/114.jpg"
  },
  {
    "title": "一江两岸",
    "url": "https://weekly.tw93.fun/posts/115-一江两岸",
    "date": "2023/07/28",
    "pic": "https://gw.alipayobjects.com/zos/k/9v/115.jpg"
  },
  {
    "title": "赤道夜景",
    "url": "https://weekly.tw93.fun/posts/122-赤道夜景",
    "date": "2023/07/28",
    "pic": "https://gw.alipayobjects.com/zos/k/g7s5ul/122.jpg"
  },
  {
    "title": "杭州新绿",
    "url": "https://weekly.tw93.fun/posts/123-杭州新绿",
    "date": "2023/07/28",
    "pic": "https://gw.alipayobjects.com/zos/k/q4/123.jpg"
  },
  {
    "title": "忆泸沽湖",
    "url": "https://weekly.tw93.fun/posts/124-忆泸沽湖",
    "date": "2023/07/28",
    "pic": "https://gw.alipayobjects.com/zos/k/w4/DSC06324.jpg"
  },
  {
    "title": "零点西湖",
    "url": "https://weekly.tw93.fun/posts/127-零点西湖",
    "date": "2023/07/28",
    "pic": "https://gw.alipayobjects.com/zos/k/9e/127.jpg"
  },
  {
    "title": "良渚的树",
    "url": "https://weekly.tw93.fun/posts/128-良渚的树",
    "date": "2023/07/28",
    "pic": "https://gw.alipayobjects.com/zos/k/ib/128.jpg"
  },
  {
    "title": "大道芸人",
    "url": "https://weekly.tw93.fun/posts/131-大道芸人",
    "date": "2023/07/28",
    "pic": "https://gw.alipayobjects.com/zos/k/fliggy/132.jpg"
  },
  {
    "title": "可爱雕塑",
    "url": "https://weekly.tw93.fun/posts/132-可爱雕塑",
    "date": "2023/07/28",
    "pic": "https://gw.alipayobjects.com/zos/k/o6/132.jpg"
  },
  {
    "title": "香港不错",
    "url": "https://weekly.tw93.fun/posts/135-香港不错",
    "date": "2023/07/28",
    "pic": "https://gw.alipayobjects.com/zos/k/1w/135.jpg"
  },
  {
    "title": "九龙公园",
    "url": "https://weekly.tw93.fun/posts/137-九龙公园",
    "date": "2023/07/28",
    "pic": "https://gw.alipayobjects.com/zos/k/60/137.jpg"
  },
  {
    "title": "下班蓝天",
    "url": "https://weekly.tw93.fun/posts/138-下班蓝天",
    "date": "2023/07/28",
    "pic": "https://gw.alipayobjects.com/zos/k/05/138.jpg"
  },
  {
    "title": "亚庇清真寺",
    "url": "https://weekly.tw93.fun/posts/16-亚庇清真寺",
    "date": "2021/03/01",
    "pic": "https://gw.alipayobjects.com/zos/k/md/16.jpg"
  },
  {
    "title": "烤肉配薯条",
    "url": "https://weekly.tw93.fun/posts/66-烤肉配薯条",
    "date": "2022/02/14",
    "pic": "https://gw.alipayobjects.com/zos/k/65/IMG_7912.jpg"
  },
  {
    "title": "笼子里的鸟",
    "url": "https://weekly.tw93.fun/posts/79-笼子里的鸟",
    "date": "2022/05/16",
    "pic": "https://gw.alipayobjects.com/zos/k/iq/VeZ7Jj.jpg"
  },
  {
    "title": "良渚的🦌",
    "url": "https://weekly.tw93.fun/posts/81-良渚的🦌",
    "date": "2022/05/30",
    "pic": "https://gw.alipayobjects.com/zos/k/fq/IMG_9201.jpg"
  },
  {
    "title": "安吉黄昏",
    "url": "https://weekly.tw93.fun/posts/01-安吉黄昏",
    "date": "2020/11/16",
    "pic": "https://gw.alipayobjects.com/zos/k/h5/hzL4LG.jpg"
  },
  {
    "title": "大理稻田",
    "url": "https://weekly.tw93.fun/posts/12-大理稻田",
    "date": "2021/02/01",
    "pic": "https://gw.alipayobjects.com/zos/k/75/MSg3n1.jpg"
  },
  {
    "title": "冬天三亚",
    "url": "https://weekly.tw93.fun/posts/22-冬天三亚",
    "date": "2021/04/12",
    "pic": "https://gw.alipayobjects.com/zos/k/5u/H2lAp3.jpeg"
  },
  {
    "title": "橘子洲头",
    "url": "https://weekly.tw93.fun/posts/28-橘子洲头",
    "date": "2021/05/24",
    "pic": "https://gw.alipayobjects.com/zos/k/um/IMG_4524.jpeg"
  },
  {
    "title": "大阪夜景",
    "url": "https://weekly.tw93.fun/posts/46-大阪夜景",
    "date": "2021/09/27",
    "pic": "https://gw.alipayobjects.com/zos/k/7q/dPhcAh.jpg"
  },
  {
    "title": "漂亮的树",
    "url": "https://weekly.tw93.fun/posts/63-漂亮的树",
    "date": "2022/01/24",
    "pic": "https://gw.alipayobjects.com/zos/k/pt/AKRZvA.jpeg"
  },
  {
    "title": "发光的树",
    "url": "https://weekly.tw93.fun/posts/74-发光的树",
    "date": "2022/04/11",
    "pic": "https://gw.alipayobjects.com/zos/k/5m/37.jpeg"
  },
  {
    "title": "咖啡标语",
    "url": "https://weekly.tw93.fun/posts/76-咖啡标语",
    "date": "2022/04/25",
    "pic": "https://gw.alipayobjects.com/zos/k/qs/1.jpg"
  },
  {
    "title": "落日风帆",
    "url": "https://weekly.tw93.fun/posts/84-落日风帆",
    "date": "2022/06/20",
    "pic": "https://gw.alipayobjects.com/zos/k/cr/IMG_8103.jpeg"
  },
  {
    "title": "去避暑吧",
    "url": "https://weekly.tw93.fun/posts/89-去避暑吧",
    "date": "2022/07/25",
    "pic": "https://gw.alipayobjects.com/zos/k/eg/2268.jpg"
  },
  {
    "title": "由在茶溪",
    "url": "https://weekly.tw93.fun/posts/95-由在茶溪",
    "date": "2022/09/05",
    "pic": "https://gw.alipayobjects.com/zos/k/gf/qdMqaU.jpg"
  },
  {
    "title": "杭州乐园",
    "url": "https://weekly.tw93.fun/posts/96-杭州乐园",
    "date": "2022/09/12",
    "pic": "https://gw.alipayobjects.com/zos/k/app2/shui.jpg"
  },
  {
    "title": "水上森林",
    "url": "https://weekly.tw93.fun/posts/97-水上森林",
    "date": "2022/09/19",
    "pic": "https://gw.alipayobjects.com/zos/k/wn/W4ZBF3.jpg"
  },
  {
    "title": "潮流建筑",
    "url": "https://weekly.tw93.fun/posts/98-潮流建筑",
    "date": "2022/09/26",
    "pic": "https://gw.alipayobjects.com/zos/k/br/IMG_0652.jpg"
  },
  {
    "title": "太子湾",
    "url": "https://weekly.tw93.fun/posts/02-太子湾",
    "date": "2020/11/23",
    "pic": "https://gw.alipayobjects.com/zos/k/yt/ck1Y1K.png"
  },
  {
    "title": "泸沽湖",
    "url": "https://weekly.tw93.fun/posts/05-泸沽湖",
    "date": "2020/12/14",
    "pic": "https://gw.alipayobjects.com/zos/k/bn/g7b1Xc.jpg"
  },
  {
    "title": "热河路",
    "url": "https://weekly.tw93.fun/posts/27-热河路",
    "date": "2021/05/17",
    "pic": "https://gw.alipayobjects.com/zos/k/44/DSC06704.jpeg"
  },
  {
    "title": "莫吉托",
    "url": "https://weekly.tw93.fun/posts/83-莫吉托",
    "date": "2022/06/13",
    "pic": "https://gw.alipayobjects.com/zos/k/em/IMG_9399.jpg"
  },
  {
    "title": "天目里",
    "url": "https://weekly.tw93.fun/posts/91-天目里",
    "date": "2022/08/08",
    "pic": "https://gw.alipayobjects.com/zos/k/l8/IMG_0065.jpg"
  },
  {
    "title": "华山",
    "url": "https://weekly.tw93.fun/posts/09-华山",
    "date": "2021/01/11",
    "pic": "https://gw.alipayobjects.com/zos/k/bb/12121221mmm.jpg"
  },
  {
    "title": "养猫",
    "url": "https://weekly.tw93.fun/posts/15-养猫",
    "date": "2021/02/22",
    "pic": "https://gw.alipayobjects.com/zos/k/zz/ujvV0v.png"
  },
  {
    "title": "草海",
    "url": "https://weekly.tw93.fun/posts/20-草海",
    "date": "2021/03/29",
    "pic": "https://gw.alipayobjects.com/zos/k/9w/S5tqsz.jpeg"
  },
  {
    "title": "汤圆",
    "url": "https://weekly.tw93.fun/posts/21-汤圆",
    "date": "2021/04/05",
    "pic": "https://gw.alipayobjects.com/zos/k/84/kKRZeF.jpeg"
  },
  {
    "title": "南京",
    "url": "https://weekly.tw93.fun/posts/32-南京",
    "date": "2021/06/21",
    "pic": "https://gw.alipayobjects.com/zos/k/e2/o4FeLQ.jpeg"
  },
  {
    "title": "西安",
    "url": "https://weekly.tw93.fun/posts/57-西安",
    "date": "2021/12/13",
    "pic": "https://gw.alipayobjects.com/zos/k/3x/pCP92Q.jpg"
  },
  {
    "title": "佛头",
    "url": "https://weekly.tw93.fun/posts/78-佛头",
    "date": "2022/05/09",
    "pic": "https://gw.alipayobjects.com/zos/k/appo/IMG_8952.jpg"
  },
  {
    "title": "爱王小波",
    "url": "https://weekly.tw93.fun/posts/140-爱王小波",
    "date": "2023/08/07",
    "pic": "https://gw.alipayobjects.com/zos/k/1/140.jpg"
  }
]
